<?xml version="1.0" encoding="UTF-8"?>
<!DOCTYPE mapper PUBLIC "-//mybatis.org//DTD Mapper 3.0//EN" 
"http://mybatis.org/dtd/mybatis-3-mapper.dtd">
<mapper namespace="com.shop.mapper.ReviewMapper">
	<insert id="addReview" parameterType="Review">
		<selectKey keyProperty="num" resultType="_int" order="BEFORE">
			select review_seq.nextval from dual
		</selectKey>
		insert into review(num,userid,content,score,filename,wdate,pnum_fk)
		values(#{num},#{userid},#{content:VARCHAR},#{score},
		#{filename:VARCHAR},SYSDATE,#{pnum_fk}) 
	</insert>
	
	<select id="listReview" resultType="Review" parameterType="_int">
		select * from review where pnum_fk=#{value} order by num desc
	</select>
	
	<delete id="deleteReview" parameterType="_int">
		delete from review where num=#{value}
	</delete>
	
	<select id="getReview" resultType="Review" parameterType="_int">
		select * from review where num=#{value}
	</select>
	
	<update id="updateReview" parameterType="Review">
		update review set userid=#{userid}, content=#{content:VARCHAR}, score=#{score:NUMERIC}
		<if test="filename!=null and filename!=''">
		, filename=#{filename}
		</if>
		where num=#{num}
	</update>
	
	<select id="getReviewCount" resultType="_int" parameterType="_int">
		select count(num) from review where pnum_fk=#{value}
	</select>
	
</mapper>