<?xml version="1.0" encoding="UTF-8"?>
<beans xmlns="http://www.springframework.org/schema/beans"
	xmlns:xsi="http://www.w3.org/2001/XMLSchema-instance"
	xsi:schemaLocation="http://www.springframework.org/schema/beans http://www.springframework.org/schema/beans/spring-beans.xsd">

	<!-- [1]기본 생성자를 이용해 EmpImpl빈 생성 -->
	<bean id="e1" class="ex05.EmpImpl" />
	
	<!-- [2] String type 1개를 생성자를 통해 주입(Constructor Injection) -->
	<bean id="e2" class="ex05.EmpImpl" >
		<constructor-arg index="0" type="java.lang.String" value="Stones" />
	</bean>
	
	<!--[3] 이름, 부서명을 받아들이는 생성자를 통해 주입되도록 빈 e3를 등록하세요  -->
	<bean id="e3" class="ex05.EmpImpl" >
		<constructor-arg index="0" type="java.lang.String" value="Sales" />
		<constructor-arg index="1" type="java.lang.String">
			<value>John</value>
		</constructor-arg>
	</bean>
	
	<!--[4] 부서,이름,급여  -->
	<bean id="e4" class="ex05.EmpImpl" >
		<constructor-arg index="0" type="java.lang.String" value="Manager" />
		<constructor-arg index="1" type="java.lang.String" value="Watson" />
		<constructor-arg index="2" type="int" value="3000" />
	</bean>
	
	<!--[5] Random객체를 받는 생성자 -->
	<bean id="e5" class="ex05.EmpImpl" >
		<constructor-arg ref="random"/>
	</bean>
	
	<bean id="random" class="java.util.Random" />
</beans>
