<?xml version="1.0" encoding="UTF-8"?>
<beans xmlns="http://www.springframework.org/schema/beans"
	xmlns:xsi="http://www.w3.org/2001/XMLSchema-instance"
	xmlns:context="http://www.springframework.org/schema/context"
	xsi:schemaLocation="http://www.springframework.org/schema/beans http://www.springframework.org/schema/beans/spring-beans.xsd
		http://www.springframework.org/schema/context http://www.springframework.org/schema/context/spring-context-4.3.xsd">

	<!-- context 네임스페이스 추가 -->
	<context:property-placeholder location="classpath:admin.properties" />
	
	<bean id="admin1" class="ex11.AdminVO">
		<property name="adminId" value="${adminId}" />
		<property name="adminPwd" value="${adminPwd}" />
	</bean>
	
	<bean id="admin2" class="ex11.AdminVO">
		<property name="adminId" value="scott" />
		<property name="adminPwd" value="tiger" />
	</bean>
	
</beans>
