<?xml version="1.0" encoding="UTF-8"?>
<!DOCTYPE configuration
PUBLIC "-//mybatis.org//DTD Config 3.0//EN"
"http://mybatis.org/dtd/mybatis-3-config.dtd">
<configuration>
	<!-- typeAlias 타입 별칭 설정 =============================== -->
	<typeAliases>
		<typeAlias type="com.memo.model.MemoVO" alias="Memo"/>
		<typeAlias type="com.user.model.UserVO" alias="User"/>
		<typeAlias type="com.shop.model.CategoryVO" alias="Category"/>
		<typeAlias type="com.shop.model.ProductVO" alias="Product"/>
	</typeAliases>
	<!-- mapper 정의 ========================================= -->
	<mappers>
		<mapper resource="config/mybatis/mapper/MemoMapper.xml"/>
		<mapper resource="config/mybatis/mapper/UserMapper.xml"/>
		<mapper resource="config/mybatis/mapper/CategoryMapper.xml"/>
		<mapper resource="config/mybatis/mapper/ProductMapper.xml"/>
	</mappers>
</configuration>