<?xml version="1.0" encoding="UTF-8"?>
<!DOCTYPE mapper PUBLIC "-//mybatis.org//DTD Mapper 3.0//EN" 
"http://mybatis.org/dtd/mybatis-3-mapper.dtd">
<mapper namespace="com.board.mapper.BoardMapper">
	<insert id="insertBoard" parameterType="Board">
		<selectKey keyProperty="num" resultType="_int" order="BEFORE">
			select spring_board_seq.nextval from dual
		</selectKey>
		insert into spring_board(num, name, passwd, subject, content, wdate, readnum, filename, originFilename, filesize, refer, lev, sunbun)
		values(#{num}, #{name}, #{passwd}, #{subject}, #{content:VARCHAR}, SYSDATE, #{readnum}, #{filename:VARCHAR}, #{originFilename:VARCHAR}, #{filesize:NUMERIC}, #{num}, #{lev}, #{sunbun})
		
	</insert>
	
	<select id="selectBoardAll" resultType="Board" parameterType="map">
		select * from spring_board order by num desc
	</select>
	
	<select id="selectBoardByIdx" resultType="Board" parameterType="_int">
		select * from spring_board where num=#{value}
	</select>
</mapper>