<?xml version="1.0" encoding="UTF-8"?>
<beans xmlns="http://www.springframework.org/schema/beans"
	xmlns:xsi="http://www.w3.org/2001/XMLSchema-instance"
	xsi:schemaLocation="http://www.springframework.org/schema/beans http://www.springframework.org/schema/beans/spring-beans.xsd">
	
	<!-- [1] ServiceImpl빈 생성하고 List에 setter 주입 -->
	<bean id="s1" class="ex06.ServiceImpl">
		<property name="list">
			<list>
				<value>Java</value>
				<value>js</value>
				<value>JSP</value>
				<value>Spring</value>
			</list>
		</property>
	</bean>
	
	<!--  
		List<String> list=new ArrayList<>();
		list.add("Java");....
		
		ServiceImpl s1=new ServiceImpl();
		s1.setList(list);
	-->
	
	<bean id="s2" class="ex06.ServiceImpl">
		<property name="map">
			<map>
				<entry>
					<key>
						<value>Age</value>
					</key>
					<value>28</value>
				</entry>
				<entry key="Salary" value="4000"/>
				<entry key="BirthYear" value="1999"/>
			</map>
		</property>
	</bean>
	
	<!-- [2] 
		Map<String,Integer> map=new HashMap<>();
		map.put("Age",22);
		map.put("Salary",5000)
		map.put("BirthYear",5000)
		
		ServiceImpl s2=new ServiceImpl();
		s2.setMap(map);
	-->
	
	<bean id="s3" class="ex06.ServiceImpl">
		<property name="set">
			<set>
				<value>Oracle</value>
				<value>MYsql</value>
				<value>NoSql</value>
			</set>
		</property>
	</bean>
	
	<!--[3] Set객체
		Set<String> set=new HashSet<>();
		set.add("Oracle")...
		....
		ServiceImpl s3=new ServiceImpl();
		s3.setSet(set);
	-->
	
	<bean id="s4" class="ex06.ServiceImpl">
		<property name="prop">
			<props>
				<prop key="user">multi</prop>
				<prop key="pwd">tiger</prop>
			</props>
		</property>
	</bean>
	
	<!--  
		[4] Properties
		Properties prop=new Properties();
		prop.setProperty("user","scott");...
		...
		ServiceImpl s4=new ServiceImpl();
		s4.setProp(prop);
	-->
	
	
</beans>
