<?xml version="1.0" encoding="UTF-8"?>
<beans xmlns="http://www.springframework.org/schema/beans"
	xmlns:xsi="http://www.w3.org/2001/XMLSchema-instance"
	xmlns:context="http://www.springframework.org/schema/context"
	xsi:schemaLocation="http://www.springframework.org/schema/beans http://www.springframework.org/schema/beans/spring-beans-4.3.xsd
		http://www.springframework.org/schema/context http://www.springframework.org/schema/context/spring-context-4.3.xsd">

	<!-- 자바로 설정한 객체를  xml로 가져오려면 beans루트 엘리먼트에 context 네임스페이스를 추가해야 한다.
		xmlns:context="http://www.springframework.org/schema/context"
		
		xsi:schemaLocation속성 값에도
		http://www.springframework.org/schema/context http://www.springframework.org/schema/context/spring-context-4.3.xsd"
		추가
	 -->
	
	<context:annotation-config />
	<!-- <context:annotation-config /> : 등록된 빈들의 어노테이션을 활성화시키기 위해서 사용 -->
	
	<bean id="config" class="ex08.Config" />
	<bean id="emp" class="ex08.Emp">
		<constructor-arg index="0" value="Park" />
		<constructor-arg index="1" value="RRR" /> 
		<constructor-arg index="2" value="4000" />
	</bean>
	
	<!-- ServiceImpl빈 등록하고 Config에서 생성한 e1빈 주입하기 -->
	<bean id="svc" class="ex08.ServiceImpl">
		<property name="emp" ref="e1" />
	</bean>
	

</beans>
