<?xml version="1.0" encoding="UTF-8"?>
<!DOCTYPE mapper PUBLIC "-//mybatis.org//DTD Mapper 3.0//EN" 
"http://mybatis.org/dtd/mybatis-3-mapper.dtd">
<mapper namespace="com.shop.mapper.CartMapper">
	<select id="selectCartCountByPnum" resultType="int"
		parameterType="Cart">
		select cartNum from cart
		where idx_fk=#{idx_fk} and
		pnum_fk=#{pnum_fk}
	</select>

	<insert id="addCart" parameterType="Cart">
		<selectKey keyProperty="cartNum" resultType="int"
			order="BEFORE">
			select cart_seq.nextval from dual
		</selectKey>
		insert into cart(cartNum, idx_fk, pnum_fk, oqty, indate)
		values(#{cartNum}, #{idx_fk}, #{pnum_fk}, #{oqty}, sysdate)
	</insert>

	<update id="updateCartQty" parameterType="Cart">
		update cart set
		oqty=oqty+ #{oqty}
		where idx_fk=#{idx_fk} and pnum_fk=#{pnum_fk}
	</update>

	<select id="selectCartView" resultType="Cart" parameterType="_int">
		select * from cartView where idx_fk=#{value}
	</select>
	
	<select id="getCartTotal" resultType="Cart" parameterType="_int">
		select sum(totalPrice) cartTotalPrice, sum(totalPoint) cartTotalPoint
		from cartView where idx_fk=#{value}
	</select>
	
	<delete id="delCart" parameterType="_int">
		delete from cart where cartNum=#{value}
	</delete>
	
	<update id="editCart" parameterType="Cart">
		update cart set oqty=#{oqty} where cartNum=#{cartNum}
	</update>

	<!-- create or replace view cartView
	as
	select c.*, p.pname, pimage1, price, saleprice, point,
	(c.oqty*p.saleprice) totalPrice,(c.oqty*p.point) totalPoint
	from cart c
	join
	product p
	on c.pnum_fk = p.pnum -->
	
	<select id="selectCartView_old" resultType="Cart"
		parameterType="_int">
		select c.*, p.pname, pimage1, price, saleprice, point,
		(c.oqty*p.saleprice) totalPrice,(c.oqty*p.point) totalPoint
		from cart c
		join
		product p
		on c.pnum_fk = p.pnum and c.idx_fk=#{value}
	</select>
</mapper>