<?xml version="1.0" encoding="UTF-8"?>
<!DOCTYPE mapper PUBLIC "-//mybatis.org//DTD Mapper 3.0//EN" 
"http://mybatis.org/dtd/mybatis-3-mapper.dtd">
<mapper namespace="com.shop.mapper.ProductMapper">

	<insert id="productInsert" parameterType="Product">
		<selectKey keyProperty="pnum" resultType="int" order="BEFORE">
			select product_seq.nextval from dual
		</selectKey>
		insert into product(pnum,upcg_code,downcg_code,pname,
		pimage1,pimage2,pimage3, price, saleprice, pqty,point,pspec,pcontents,pcompany,pindate)
		values(#{pnum},#{upCg_code},#{downCg_code},#{pname},
		#{pimage1:VARCHAR},#{pimage2:VARCHAR},#{pimage3:VARCHAR},#{price},#{saleprice},#{pqty},
		#{point},#{pspec},#{pcontents},#{pcompany},sysdate)
	</insert>
	
	<select id="getProducts" resultType="Product">
		select p.*,
		(select upCg_name from upCategory where upCg_code=p.upCg_code) upCg_name,
		(select downCg_name from downCategory where downCg_code=p.downCg_code) downCg_name 
		from product p order by pnum desc
	</select>
	
	<select id="selectByPspec" resultType="Product" parameterType="string">
		select * from product where pspec=#{value}
	</select>
	
	<select id="selectByPnum" resultType="Product" parameterType="_int">
		select * from product where pnum=#{value}
	</select>
</mapper>













