<?xml version="1.0" encoding="UTF-8" ?>
<!DOCTYPE mapper
PUBLIC "-//mybatis.org//DTD Mapper 3.0//EN"
"http://mybatis.org/dtd/mybatis-3-mapper.dtd">

<mapper namespace="user.model.UserMapper">
	<insert id="insertUser" parameterType="User">
		<selectKey keyProperty="idx" resultType="int" order="BEFORE">
			select member_seq.nextval from dual
		</selectKey>
		insert into member(idx,name,userid, pwd,hp1,hp2,hp3,post,addr1,addr2,indate,
		mileage,status)
		values(#{idx},#{name},#{userid},#{pwd},#{hp1},#{hp2},#{hp3},#{post:VARCHAR},
		#{addr1:VARCHAR},#{addr2:VARCHAR},sysdate,1000,#{status})
	</insert>
	
	<select id="idCheck" resultType="int"  parameterType="string">
		select idx from member where userid=#{value}
	</select>
	
	<select id="selectUserByUserid" parameterType="string" resultType="User">
		select * from member where userid=#{value}	
	</select>
	
	<select id="listUser" resultType="User" parameterType="com.user.model.PagingVO">
		select member.*, decode(status,0,'일반회원',-1,'정지회원',-2,'탈퇴회원') statusStr
		from member order by idx desc
	</select>
	
	<delete id="deleteUser" parameterType="int">
		delete from member where idx=#{value}
	</delete>
	
</mapper>



